City,lat,lng,maxtemplist,Temp,Cloudiness,Wind Speed,Humidity,Country,date
bredasdorp,-34.53,20.04,66.2,66.2,28,12.75,52,ZA,1589558868
ushuaia,-54.8,-68.3,41.0,41.0,97,3.36,80,AR,1589558869
tuatapere,-46.13,167.68,43.09,43.09,15,4.85,85,NZ,1589558869
port elizabeth,-33.92,25.57,64.4,64.4,76,26.4,77,ZA,1589558782
kapaa,22.08,-159.32,69.8,68.18,1,6.93,88,US,1589559056
belmonte,-15.86,-38.88,82.4,82.4,40,9.17,74,BR,1589559057
mehamn,71.04,27.85,37.4,37.4,14,14.99,64,NO,1589559057
ribeira grande,38.52,-28.7,64.4,64.4,75,6.93,93,PT,1589559057
jamestown,42.1,-79.24,70.0,67.6,90,11.41,88,US,1589558881
severo-kurilsk,50.68,156.12,35.85,35.85,5,1.1,85,RU,1589559058
sao filipe,14.9,-24.5,76.62,76.62,0,13.31,67,CV,1589559058
tomigusuku,26.18,127.67,78.8,78.58,75,12.75,94,JP,1589559058
puerto ayora,-0.74,-90.35,80.6,78.96,40,6.93,69,EC,1589559058
qaanaaq,77.48,-69.36,33.51,33.51,92,6.98,91,GL,1589559058
vaini,-21.2,-175.2,68.0,68.0,20,3.36,100,TO,1589559059
pombas,17.15,-25.02,78.8,78.8,40,36.91,54,CV,1589559059
labuan,5.28,115.24,82.4,82.2,75,3.29,94,MY,1589559059
rikitea,-23.12,-134.97,74.71,74.71,23,18.95,85,PF,1589559059
tingo maria,-9.29,-76.01,77.0,77.0,90,3.36,83,PE,1589559060
dikson,73.51,80.55,30.2,30.2,100,10.2,96,RU,1589559060
east london,-33.02,27.91,69.33,69.33,1,25.68,56,ZA,1589559060
chokurdakh,70.63,147.92,23.99,23.99,80,7.54,98,RU,1589559060
lompoc,34.64,-120.46,60.8,59.52,1,13.87,77,US,1589559050
troitsko-pechorsk,62.71,56.2,48.7,48.7,0,3.33,49,RU,1589559061
boa vista,2.82,-60.67,87.8,87.8,40,12.75,52,BR,1589559061
barrow,71.29,-156.79,24.8,24.8,90,8.05,92,US,1589559061
nisia floresta,-6.09,-35.21,78.8,78.8,75,10.29,94,BR,1589559062
codrington,-38.27,141.97,43.56,43.56,0,7.0,83,AU,1589559062
bushehr,28.97,50.84,84.2,84.2,25,4.7,51,IR,1589559062
panaba,21.28,-88.27,89.1,89.1,0,8.12,52,MX,1589559062
longyearbyen,78.22,15.64,35.6,35.6,75,19.46,74,SJ,1589559062
college,64.86,-147.8,48.2,46.33,75,4.7,39,US,1589559063
albany,42.6,-73.97,73.0,72.14,96,3.74,54,US,1589559063
blagodatnoye,45.4,42.59,75.2,75.2,89,11.18,33,RU,1589559063
punta arenas,-53.15,-70.92,42.01,41.52,100,6.93,80,CL,1589558890
hilo,19.73,-155.09,69.8,67.24,1,6.93,68,US,1589558848
nikolskoye,59.7,30.79,44.6,43.83,75,4.47,75,RU,1589559064
bulgan,48.81,103.53,33.94,33.94,48,2.75,76,MN,1589559064
lata,40.16,-8.33,69.01,66.56,40,3.36,72,PT,1589559065
seymchan,62.88,152.43,37.72,37.72,89,7.38,83,RU,1589559065
cidreira,-30.18,-50.21,63.81,63.81,0,5.06,51,BR,1589559065
charters towers,-20.1,146.27,59.65,59.65,18,7.74,79,AU,1589559065
kaiyuan,23.7,103.3,68.58,68.58,0,5.68,67,CN,1589559066
yumen,40.28,97.2,68.5,68.5,0,8.5,23,CN,1589559066
port hedland,-20.32,118.57,60.8,60.8,0,5.82,36,AU,1589559066
butaritari,3.07,172.79,82.24,82.24,20,6.69,78,KI,1589559066
kavaratti,10.57,72.64,86.05,86.05,100,19.3,80,IN,1589559067
santarem,-2.44,-54.71,82.4,82.4,75,3.36,83,BR,1589559067
olafsvik,64.89,-23.71,41.23,41.23,0,15.97,65,IS,1589559067
cabo san lucas,22.89,-109.91,81.0,78.42,20,8.05,33,MX,1589559068
new norfolk,-42.78,147.06,48.99,45.64,8,2.8,92,AU,1589559068
richards bay,-28.78,32.04,68.31,68.31,22,5.55,71,ZA,1589559068
mataura,-46.19,168.86,38.53,38.53,2,2.3,90,NZ,1589559069
ilulissat,69.22,-51.1,35.6,35.6,20,10.29,80,GL,1589559069
hithadhoo,-0.6,73.08,84.34,84.34,99,19.48,74,MV,1589559069
neuquen,-38.95,-68.06,68.0,68.0,100,4.7,45,AR,1589559069
jardim,-21.48,-56.14,77.34,77.34,0,2.39,46,BR,1589559070
svetlyy,54.67,20.13,51.8,51.8,43,13.42,62,RU,1589559070
tuktoyaktuk,69.45,-133.04,23.0,23.0,90,19.46,92,CA,1589559070
thompson,55.74,-97.86,30.2,30.2,40,6.93,50,CA,1589559070
batagay-alyta,67.8,130.41,31.66,31.66,85,2.95,98,RU,1589559070
bonavista,48.65,-53.11,34.52,34.52,95,11.99,90,CA,1589559071
ketchikan,55.34,-131.65,50.0,48.9,40,5.82,93,US,1589559071
bluff,-46.6,168.33,47.59,47.59,14,7.54,84,NZ,1589559071
monywa,22.12,95.13,95.94,95.94,61,6.2,29,MM,1589559071
arraial do cabo,-22.97,-42.03,68.0,68.0,75,14.03,88,BR,1589559072
atambua,-9.11,124.89,73.6,73.6,98,6.51,88,ID,1589559072
juegang,32.32,121.19,73.0,73.0,100,6.13,91,CN,1589559072
bethel,41.37,-73.41,75.99,74.37,1,8.05,68,US,1589559009
fairbanks,64.84,-147.72,48.2,46.45,90,6.93,34,US,1589559032
flinders,-34.58,150.86,55.99,55.99,44,1.01,90,AU,1589559074
basoko,1.24,23.62,72.18,72.18,100,5.3,97,CD,1589559074
briceno,7.11,-75.55,80.4,80.4,77,3.65,58,CO,1589559075
meulaboh,4.14,96.13,80.06,80.06,99,3.89,86,ID,1589559075
srednekolymsk,67.45,153.68,32.7,32.7,100,8.28,92,RU,1589559075
baherden,38.44,57.43,76.96,76.96,52,8.57,26,TM,1589559076
donauworth,48.7,10.8,57.0,55.58,100,1.99,63,DE,1589559076
souillac,-20.52,57.52,73.4,73.4,40,2.24,78,MU,1589559076
hohhot,40.81,111.65,66.2,66.2,40,4.47,34,CN,1589559076
burnie,-41.07,145.92,50.0,46.98,9,3.0,91,AU,1589559077
cape town,-33.93,18.42,66.99,64.58,40,9.17,55,ZA,1589559003
port alfred,-33.59,26.89,66.0,66.0,10,10.0,76,ZA,1589559077
rio grande,-32.03,-52.1,66.2,65.57,25,9.17,45,BR,1589558944
bereznik,62.86,42.71,45.82,45.82,100,3.38,79,RU,1589559078
guerrero negro,27.98,-114.06,66.54,66.54,87,19.08,70,MX,1589559078
nanortalik,60.14,-45.24,42.15,42.15,77,11.81,77,GL,1589559078
whitecourt,54.15,-115.69,39.2,39.2,75,2.24,60,CA,1589559078
beloha,-25.17,45.05,64.56,64.56,4,5.28,84,MG,1589559078
iqaluit,63.75,-68.51,28.0,28.0,9,4.0,74,CA,1589558996
puerto rico,-26.8,-55.02,70.05,70.05,0,3.33,29,AR,1589559065
ayr,55.46,-4.63,57.2,55.87,40,11.41,58,GB,1589559079
bereda,43.27,-7.54,57.0,57.0,39,13.0,1,ES,1589559079
hargeysa,9.56,44.06,82.08,82.08,91,10.38,39,SO,1589559080
busselton,-33.65,115.33,59.0,55.85,86,13.15,67,AU,1589559080
avarua,-21.21,-159.78,78.8,78.8,75,11.41,94,CK,1589559080
vaitape,-16.52,-151.75,82.38,82.38,54,6.08,70,PF,1589559080
hambantota,6.12,81.12,82.4,82.4,40,9.17,88,LK,1589559081
vardo,70.37,31.11,42.8,40.12,40,12.75,60,NO,1589559081
sur,22.57,59.53,82.6,82.6,0,4.34,77,OM,1589559081
carutapera,-1.2,-46.02,80.33,80.33,99,6.38,92,BR,1589559081
khandyga,62.67,135.6,39.65,39.65,23,4.52,89,RU,1589559081
hermanus,-34.42,19.23,63.0,63.0,20,1.01,80,ZA,1589559082
provideniya,64.38,-173.3,35.8,35.8,66,12.62,80,RU,1589559082
asyut,27.18,31.18,102.2,102.2,11,9.17,26,EG,1589559082
canelones,-34.64,-56.29,60.8,59.85,100,17.22,54,UY,1589559082
vila,42.03,-8.16,68.0,63.88,20,8.05,56,PT,1589559082
skibbereen,51.55,-9.27,55.4,55.4,75,10.29,66,IE,1589559083
talcahuano,-36.72,-73.12,62.6,62.6,75,2.24,93,CL,1589559083
macomb,40.46,-90.67,63.0,62.55,90,12.75,93,US,1589559083
bilibino,68.05,166.44,21.0,21.0,0,5.3,92,RU,1589559083
san patricio,19.22,-104.7,78.8,78.8,5,5.82,83,MX,1589559084
korla,41.76,86.15,77.81,77.81,76,8.72,18,CN,1589559084
kieta,-6.22,155.63,79.56,79.56,6,1.81,79,PG,1589559084
ponta do sol,32.67,-17.1,66.2,65.35,40,8.05,63,PT,1589559084
saldanha,-33.01,17.94,66.2,66.2,16,4.7,68,ZA,1589559084
itarema,-2.92,-39.92,84.07,84.07,23,10.65,79,BR,1589559085
banda aceh,5.56,95.32,81.66,81.66,79,3.24,81,ID,1589559085
benguela,-12.58,13.41,84.7,84.7,0,7.92,65,AO,1589559085
foz,43.57,-7.25,57.0,57.0,95,13.0,1,ES,1589559085
marawi,8.0,124.29,79.0,79.0,100,7.0,91,PH,1589559085
riyadh,24.69,46.72,96.8,96.8,1,8.05,11,SA,1589558825
tual,-5.67,132.75,83.37,83.37,15,20.13,80,ID,1589559086
abu dhabi,24.47,54.37,87.8,86.11,0,10.29,74,AE,1589558971
coquimbo,-29.95,-71.34,60.8,60.8,0,8.05,67,CL,1589559086
brae,60.4,-1.35,44.6,44.6,93,13.87,75,GB,1589559087
tashara,55.52,83.51,63.36,63.36,98,6.6,60,RU,1589559087
saskylakh,71.92,114.08,29.34,29.34,100,2.93,97,RU,1589559087
stromness,58.97,-3.3,51.8,49.5,40,27.51,71,GB,1589559088
samarai,-10.62,150.67,79.02,79.02,55,17.07,80,PG,1589559088
chuy,-33.7,-53.46,60.26,60.26,100,13.31,52,UY,1589559088
grindavik,63.84,-22.43,46.4,46.4,20,19.46,52,IS,1589559088
donskoye,45.46,41.97,75.2,75.2,93,11.18,33,RU,1589559089
saint-augustin,51.23,-58.65,46.36,46.36,96,12.62,65,CA,1589559089
xuddur,4.12,43.89,82.47,82.47,86,10.67,62,SO,1589559089
kaitangata,-46.28,169.85,44.01,44.01,16,5.12,78,NZ,1589559089
lazaro cardenas,17.96,-102.2,86.11,86.11,3,4.14,31,MX,1589559089
castro,-24.79,-50.01,64.02,64.02,95,4.14,70,BR,1589559090
taywarah,33.35,64.42,51.22,51.22,5,7.29,43,AF,1589559090
khatanga,71.97,102.5,27.37,27.37,0,9.44,96,RU,1589559090
buala,-8.14,159.59,79.75,79.75,69,6.02,83,SB,1589559090
yatou,37.15,122.38,54.63,54.63,100,1.28,97,CN,1589559091
ridgecrest,35.62,-117.67,66.2,66.2,1,4.7,37,US,1589558895
mahebourg,-20.41,57.7,73.4,73.4,40,2.24,78,MU,1589559091
nador,35.17,-2.93,69.8,68.16,65,6.93,46,MA,1589558838
comodoro rivadavia,-45.87,-67.5,51.8,51.8,40,1.12,93,AR,1589559092
weihai,37.5,122.11,55.15,55.15,94,3.02,97,CN,1589559092
krasnoselkup,65.7,82.47,48.04,48.04,100,16.98,52,RU,1589559092
katsuura,35.13,140.3,69.01,67.98,100,3.0,73,JP,1589559093
tiksi,71.69,128.87,33.62,33.62,100,7.45,97,RU,1589559093
bocaiuva,-17.11,-43.81,82.24,82.24,9,1.57,58,BR,1589559093
sainte-anne-des-monts,49.12,-66.49,43.86,43.86,92,2.89,62,CA,1589559093
kahului,20.89,-156.47,71.01,65.84,1,3.36,82,US,1589559094
lorengau,-2.02,147.27,82.54,82.54,84,10.69,80,PG,1589559094
finschhafen,-6.6,147.87,79.2,79.2,3,9.89,76,PG,1589559094
georgetown,5.41,100.34,82.4,82.2,20,3.36,88,MY,1589559094
fortuna,40.6,-124.16,54.0,53.22,1,5.82,87,US,1589559094
bardstown,37.81,-85.47,71.6,70.47,40,9.17,73,US,1589559095
saint-francois,46.42,3.91,60.8,60.8,90,3.36,59,FR,1589559095
santa isabel,-23.32,-46.22,68.0,64.36,90,8.05,87,BR,1589559095
kaabong,3.48,34.15,69.33,69.33,39,10.09,70,UG,1589559096
port huron,42.97,-82.42,68.0,67.05,75,13.87,82,US,1589559092
airai,-8.93,125.41,60.87,60.87,94,4.05,100,TL,1589559096
jalu,29.03,21.55,100.51,100.51,0,13.38,8,LY,1589559096
quatre cocos,-20.21,57.76,73.4,73.2,40,2.24,78,MU,1589559097
eidsvag,62.78,8.07,35.6,34.7,75,33.33,83,NO,1589559097
mirabad,30.44,61.84,83.25,83.25,0,9.6,16,AF,1589559097
bodaybo,57.85,114.19,36.68,36.68,100,2.19,80,RU,1589559097
bambous virieux,-20.34,57.76,73.4,73.22,40,2.24,78,MU,1589559098
tura,25.52,90.22,79.7,79.7,16,2.53,50,IN,1589559098
zorritos,-3.68,-80.68,80.6,80.6,90,6.93,78,PE,1589559098
alexandria,31.22,29.96,82.4,82.4,24,11.41,51,EG,1589558946
mar del plata,-38.0,-57.56,66.99,66.72,75,12.75,48,AR,1589558961
concepcion del uruguay,-32.48,-58.24,66.99,66.99,91,1.99,47,AR,1589559099
matay,28.42,30.78,98.71,98.71,31,22.12,15,EG,1589559099
vestmannaeyjar,63.44,-20.27,46.4,46.4,20,10.29,65,IS,1589559100
gunjur,13.2,-16.73,89.6,89.6,0,11.41,49,GM,1589559100
hobart,-42.88,147.33,48.99,46.42,14,9.17,87,AU,1589558891
labuhan,-6.88,112.21,78.73,78.73,100,7.38,87,ID,1589559101
ericeira,38.96,-9.42,70.0,67.32,40,14.99,77,PT,1589559101
necochea,-38.55,-58.74,68.0,68.0,51,8.01,53,AR,1589559101
puerto del rosario,28.5,-13.86,75.2,75.2,20,21.92,44,ES,1589559101
pevek,69.7,170.31,23.02,23.02,0,2.33,91,RU,1589559102
tecoanapa,16.52,-98.75,87.87,87.87,0,6.85,50,MX,1589559102
lima,-12.04,-77.03,66.2,66.2,90,4.7,82,PE,1589558866
kavieng,-2.57,150.8,83.32,83.32,17,17.31,80,PG,1589559102
namibe,-15.2,12.15,80.6,80.6,20,9.17,65,AO,1589559103
pecos,31.42,-103.49,80.6,80.6,1,4.7,44,US,1589559103
mwene-ditu,-7.0,23.45,74.91,74.91,0,1.28,78,CD,1589559103
vila velha,-20.33,-40.29,78.8,77.32,90,11.41,69,BR,1589559103
ust-nera,64.57,143.2,37.85,37.85,95,5.84,78,RU,1589559104
ambulu,-8.35,113.61,76.66,76.66,100,5.64,88,ID,1589559104
tramandai,-29.98,-50.13,63.95,63.95,0,4.0,50,BR,1589559104
champerico,14.3,-91.92,86.0,86.0,1,3.33,55,GT,1589559104
arlit,18.74,7.39,108.91,108.91,0,4.65,5,NE,1589559104
kununurra,-15.77,128.73,68.0,68.0,2,4.7,52,AU,1589559105
gravdal,68.12,13.5,35.6,35.6,90,6.93,82,NO,1589559105
tasiilaq,65.61,-37.64,35.6,35.6,5,8.05,74,GL,1589559105
antofagasta,-23.65,-70.4,62.6,62.6,3,3.36,67,CL,1589558858
isangel,-19.55,169.27,68.0,68.0,42,3.36,82,VU,1589559106
maple creek,49.92,-109.48,47.71,47.71,96,7.25,63,CA,1589559106
nosy varika,-20.58,48.53,73.02,73.02,16,6.71,85,MG,1589559106
vila franca do campo,37.72,-25.43,64.4,64.4,20,8.05,68,PT,1589559106
zavitinsk,50.12,129.45,50.45,50.45,52,5.64,48,RU,1589559107
chute-aux-outardes,49.12,-68.4,48.2,48.2,1,11.41,45,CA,1589559107
aasiaat,68.71,-52.87,37.0,37.0,0,8.23,80,GL,1589559107
bengkulu,-3.8,102.27,78.12,78.12,88,3.96,88,ID,1589559107
uaua,-9.84,-39.48,88.14,88.14,0,11.77,39,BR,1589559107
faya,18.39,42.45,71.6,71.6,40,10.29,40,SA,1589559108
narsaq,60.92,-46.05,55.4,55.4,75,19.46,24,GL,1589559108
bathsheba,13.22,-59.52,87.8,87.8,40,23.04,58,BB,1589559108
port lincoln,-34.73,135.87,54.79,54.79,0,11.01,57,AU,1589559108
russell,32.35,-85.2,75.99,74.41,20,5.82,69,US,1589559109
vrangel,42.73,133.08,48.38,48.38,100,9.51,82,RU,1589559109
atuona,-9.8,-139.03,80.92,80.92,12,13.0,75,PF,1589559109
muros,42.78,-9.06,64.99,64.56,18,11.99,55,ES,1589559109
pingliang,35.54,106.69,59.9,59.9,85,6.89,50,CN,1589559110
laguna de perlas,12.34,-83.67,83.73,83.73,11,8.93,78,NI,1589559110
upernavik,72.79,-56.15,31.73,31.73,99,10.38,98,GL,1589559110
cherskiy,68.75,161.3,30.29,30.29,0,4.23,90,RU,1589559110
la rioja,42.25,-2.5,57.2,57.2,90,8.05,71,ES,1589559110
toktogul,41.87,72.94,58.64,58.64,2,3.18,47,KG,1589559111
high level,58.52,-117.14,41.0,41.0,20,6.93,35,CA,1589558890
nizwa,22.93,57.53,89.96,89.96,98,8.08,26,OM,1589559111
dedza,-14.38,34.33,56.35,56.35,2,3.29,68,MW,1589559111
kamaishi,39.27,141.88,53.83,53.83,100,4.12,76,JP,1589559112
vila do maio,15.13,-23.22,78.8,78.8,40,21.92,65,CV,1589559112
ixtapa,20.7,-105.2,78.01,75.76,5,3.36,53,MX,1589559112
nyurba,63.28,118.33,43.14,43.14,99,4.36,88,RU,1589559112
aklavik,68.22,-135.01,28.4,28.4,90,5.82,86,CA,1589559113
dingle,11.0,122.67,80.64,80.64,98,3.89,82,PH,1589559113
chabahar,25.29,60.64,84.27,84.27,3,6.24,78,IR,1589559113
margate,51.38,1.39,61.0,59.05,61,1.99,40,GB,1589559113
rio gallegos,-51.62,-69.22,44.6,44.6,75,6.93,87,AR,1589558998
gubkinskiy,64.43,76.5,53.37,53.37,100,28.21,72,RU,1589559114
sunndalsora,62.68,8.55,35.6,34.93,75,33.33,77,NO,1589559114
dubovskoye,47.41,42.76,62.92,62.92,80,7.2,79,RU,1589559114
mwinilunga,-11.74,24.43,68.04,68.04,7,1.88,51,ZM,1589559114
fernley,39.61,-119.25,55.99,48.85,11,4.0,47,US,1589559115
makakilo city,21.35,-158.09,71.6,69.03,1,4.12,100,US,1589559115
aden,12.78,45.04,88.66,88.66,0,9.4,66,YE,1589558916
patterson,37.47,-121.13,64.0,62.02,1,10.29,72,US,1589559115
merced,37.17,-120.75,63.0,62.38,1,12.75,72,US,1589559116
esperance,-33.87,121.9,62.6,62.6,90,10.29,88,AU,1589559116
mandali,33.75,45.55,95.72,95.72,0,9.15,11,IQ,1589559116
zhoucheng,35.91,116.31,69.55,69.55,0,8.7,56,CN,1589559117
altay,47.87,88.12,66.04,66.04,83,8.84,45,CN,1589559117
yellowknife,62.46,-114.35,26.6,26.29,90,12.75,68,CA,1589559117
pandan,14.05,124.17,82.35,82.35,100,13.8,82,PH,1589559117
touros,-5.2,-35.46,78.8,78.8,75,10.29,94,BR,1589559117
ahipara,-35.17,173.17,54.45,54.45,51,6.85,79,NZ,1589559118
opuwo,-18.06,13.84,81.37,81.37,0,8.88,19,NA,1589559118
kruisfontein,-34.0,24.73,58.62,58.62,86,17.29,82,ZA,1589559118
port blair,11.67,92.75,83.73,83.73,100,8.05,79,IN,1589559118
concarneau,47.88,-3.92,62.6,62.6,0,16.11,42,FR,1589559119
millinocket,45.66,-68.71,57.2,57.2,90,8.05,30,US,1589559008
portland,45.52,-122.68,54.0,52.25,90,8.05,81,US,1589558825
shchigry,51.88,36.9,53.6,53.6,40,6.71,37,RU,1589559119
port hardy,50.7,-127.42,52.2,52.2,0,4.5,71,CA,1589559120
norman wells,65.28,-126.83,30.2,30.2,90,14.99,74,CA,1589559120
challans,46.84,-1.87,64.99,64.0,0,11.41,42,FR,1589559121
constitucion,-35.33,-72.42,66.22,66.22,60,12.19,63,CL,1589559121
byron bay,-28.65,153.62,59.0,56.68,75,8.05,93,AU,1589559121
gat,31.61,34.76,88.0,87.31,76,3.0,48,IL,1589559122
price,39.6,-110.81,60.8,60.8,90,12.75,31,US,1589559122
moravita,45.26,21.27,75.2,75.2,100,5.82,57,RO,1589559123
magdagachi,53.45,125.8,39.4,39.4,75,5.61,84,RU,1589559123
semnan,35.57,53.4,73.47,73.47,48,4.36,24,IR,1589559123
santa maria,-29.68,-53.81,60.8,60.8,20,3.36,63,BR,1589559124
san quintin,30.48,-115.95,66.54,66.54,40,16.11,73,MX,1589559124
guasdualito,7.24,-70.73,80.6,80.6,75,3.36,88,VE,1589559124
sept-iles,50.2,-66.38,51.01,49.46,90,8.99,58,CA,1589559124
piacabucu,-10.41,-36.43,83.21,83.21,7,10.67,68,BR,1589559125
pafos,34.77,32.42,78.8,78.8,0,3.36,69,CY,1589559125
virginia beach,36.85,-75.98,78.01,77.18,99,4.0,57,US,1589558457
lianzhou,24.78,112.38,75.07,75.07,100,4.76,88,CN,1589559125
ongandjera,-17.88,15.07,80.46,80.46,0,3.2,23,NA,1589559126
mogadishu,2.04,45.34,81.57,81.57,51,13.73,85,SO,1589559126
huejuquilla el alto,22.6,-103.87,72.45,72.45,0,4.09,20,MX,1589559126
harper,4.38,-7.72,83.48,83.48,99,9.15,81,LR,1589559126
pahrump,36.21,-115.98,68.0,64.27,1,8.05,24,US,1589559127
mbalmayo,3.52,11.5,86.0,86.0,75,4.7,62,CM,1589559127
half moon bay,37.46,-122.43,63.0,59.36,75,9.17,82,US,1589559127
sompeta,18.93,84.6,83.41,83.41,45,8.99,81,IN,1589559127
honningsvag,70.98,25.97,39.2,39.2,20,23.04,55,NO,1589559128
ribas do rio pardo,-20.44,-53.76,76.19,76.19,3,4.45,58,BR,1589559128
sol-iletsk,51.16,54.99,59.49,59.49,94,6.96,55,RU,1589559128
westport,41.14,-73.36,75.99,74.03,40,6.91,91,US,1589559128
lodja,-3.48,23.43,82.92,82.92,52,2.53,63,CD,1589559129
laguna,38.42,-121.42,62.01,59.59,1,5.44,82,US,1589559050
shushtar,32.05,48.86,95.83,95.83,0,5.3,10,IR,1589559129
fuerte olimpo,-21.04,-57.87,78.3,78.3,0,3.76,33,PY,1589559129
san carlos de bariloche,-41.15,-71.31,57.2,57.2,75,38.03,82,AR,1589558921
victoria,22.29,114.16,82.0,80.04,11,5.99,83,HK,1589558838
pailon,-17.65,-62.75,73.4,72.48,21,17.22,46,BO,1589559130
joensuu,62.6,29.76,48.99,47.77,40,9.17,31,FI,1589559131
springdale,36.19,-94.13,60.8,60.8,75,6.93,100,US,1589559003
peterhead,57.51,-1.8,53.6,51.13,75,13.87,62,GB,1589559131
kungurtug,50.6,97.52,37.31,37.31,63,1.72,71,RU,1589559132
sale,34.04,-6.82,64.99,63.66,40,18.34,67,MA,1589559132
umm lajj,25.02,37.27,84.72,84.72,29,8.84,52,SA,1589559132
komsomolskiy,40.43,71.72,68.0,68.0,23,2.24,49,UZ,1589559132
caravelas,-17.71,-39.25,80.67,80.67,4,9.44,73,BR,1589559132
defiance,41.33,-84.45,69.8,67.68,90,10.29,77,US,1589559133
mount isa,-20.73,139.5,71.6,71.6,75,13.87,30,AU,1589559133
nouakchott,18.09,-15.98,98.6,98.6,0,16.11,14,MR,1589559133
chunhuhub,19.55,-88.68,90.07,90.07,6,5.35,46,MX,1589559133
nelson bay,-32.72,152.15,55.99,55.74,90,6.93,93,AU,1589559134
strezhevoy,60.73,77.59,62.6,62.6,100,4.47,93,RU,1589559134
khilok,51.37,110.47,33.3,33.3,100,14.05,94,RU,1589559134
pasighat,28.07,95.33,76.46,76.46,64,4.34,60,IN,1589559134
buin,-33.73,-70.75,66.2,64.4,50,1.05,24,CL,1589559135
eyl,7.98,49.82,88.27,88.27,40,17.05,64,SO,1589559135
sabang,5.89,95.32,84.38,84.38,45,3.04,78,ID,1589559135
saldus,56.66,22.49,46.38,46.38,65,12.41,78,LV,1589559136
aykhal,66.0,111.5,39.2,39.2,90,8.95,69,RU,1589559136
taoudenni,22.68,-3.98,99.36,99.36,0,14.09,10,ML,1589559136
floro,61.6,5.03,44.6,44.6,40,19.46,52,NO,1589559136
la ronge,55.1,-105.28,35.6,35.6,20,6.93,40,CA,1589559085
kingisepp,59.37,28.61,44.17,44.17,70,7.07,64,RU,1589558872
bima,-8.47,118.72,76.23,76.23,36,5.23,90,ID,1589559137
ulladulla,-35.35,150.47,53.6,47.84,75,4.7,100,AU,1589559137
eydhafushi,5.1,73.07,82.98,82.98,100,23.76,78,MV,1589559138
pangody,65.85,74.49,47.52,47.52,100,25.48,69,RU,1589559138
sinop,41.77,34.87,76.86,76.86,29,2.64,56,TR,1589559138
vestmanna,62.16,-7.17,42.8,42.8,90,21.92,48,FO,1589559138
havoysund,71.0,24.66,39.2,38.32,20,23.04,55,NO,1589559139
teya,60.38,92.63,45.46,45.46,66,4.07,67,RU,1589559139
yamada,39.47,141.95,52.66,52.66,100,5.48,80,JP,1589559139
san cristobal,7.77,-72.22,87.8,87.8,20,9.17,58,VE,1589559140
mekhe,15.11,-16.62,104.0,95.09,0,4.7,20,SN,1589559140
dullewala,31.84,71.44,90.21,90.21,50,10.47,29,PK,1589559140
hamilton,39.18,-84.53,73.99,73.33,75,17.22,56,US,1589558975
kirkkonummi,60.12,24.44,50.0,48.11,19,12.24,45,FI,1589559140
puerto palomas,31.77,-107.62,66.2,66.2,1,6.93,24,MX,1589559141
anchorage,61.22,-149.9,50.0,47.52,20,0.6,61,US,1589558884
tocopilla,-22.09,-70.2,72.97,72.97,14,5.64,39,CL,1589559142
sitka,57.05,-135.33,42.8,42.8,75,2.66,100,US,1589559142
husavik,66.04,-17.34,39.2,39.2,20,16.11,55,IS,1589559142
carnarvon,-24.87,113.63,70.25,70.25,26,15.08,58,AU,1589559018
coruripe,-10.13,-36.18,83.35,83.35,9,11.59,68,BR,1589559143
cayenne,4.93,-52.33,78.8,78.8,100,4.7,100,GF,1589558988
mastic beach,40.77,-72.85,73.4,72.34,40,8.05,60,US,1589559144
charthawal,29.55,77.58,89.24,89.24,88,9.17,23,IN,1589559144
nuuk,64.18,-51.72,53.6,53.6,20,3.36,50,GL,1589559144
tilichiki,60.47,166.1,27.97,27.97,94,7.56,98,RU,1589559144
tromso,69.65,18.96,37.4,37.4,90,31.09,64,NO,1589558908
bonthe,7.53,-12.51,86.72,86.72,96,9.71,72,SL,1589559145
nabire,-3.37,135.48,78.04,78.04,52,3.24,88,ID,1589559146
byumba,-1.58,30.07,68.0,68.0,75,10.29,82,RW,1589559146
puerto guzman,0.97,-76.59,73.54,73.54,91,2.86,87,CO,1589559146
olga,43.74,135.29,47.64,47.64,100,5.5,83,RU,1589559147
abu kamal,34.45,40.92,92.37,92.37,0,5.88,12,SY,1589559147
kodiak,57.79,-152.41,44.6,44.6,90,13.87,81,US,1589559147
savalou,7.93,1.98,91.62,91.62,77,4.43,54,BJ,1589559147
ileza,61.05,43.9,45.72,45.72,67,2.66,63,RU,1589559147
baculin,7.45,126.58,79.72,79.72,94,4.32,78,PH,1589559148
panjab,34.39,67.02,50.49,50.49,17,4.81,44,AF,1589559148
palora,-1.7,-77.93,78.8,78.8,20,3.36,65,EC,1589559148
le robert,14.68,-60.94,87.8,83.66,40,19.46,58,MQ,1589559148
mayo,38.89,-76.51,82.0,77.5,1,10.29,69,US,1589559149
arak,34.09,49.69,65.77,65.77,7,8.34,28,IR,1589559149
kasongo-lunda,-6.47,16.82,82.15,82.15,0,2.68,59,CD,1589559150
gamba,-2.65,10.0,82.13,82.13,71,9.64,81,GA,1589559150
vanimo,-2.67,141.3,80.58,80.58,100,9.06,86,PG,1589559150
muzhi,65.37,64.67,37.9,37.9,96,23.87,87,RU,1589559151
sangar,63.92,127.47,44.83,44.83,84,6.13,66,RU,1589559151
paamiut,61.99,-49.67,39.61,39.61,86,9.24,86,GL,1589559151
waspan,14.74,-83.97,87.8,87.8,40,6.93,74,NI,1589559151
dingzhou,38.51,115.0,64.4,64.4,20,8.95,77,CN,1589559152
bintulu,3.17,113.03,80.6,80.29,75,2.66,94,MY,1589559152
luderitz,-26.65,15.16,70.52,70.52,0,24.38,40,NA,1589559152
malpe,13.35,74.72,87.8,87.8,40,4.7,74,IN,1589559153
syracuse,37.09,15.28,82.0,75.45,100,21.92,68,IT,1589559153
leningradskiy,69.38,178.42,26.19,26.19,98,6.76,97,RU,1589559153
ust-koksa,50.27,85.61,60.91,60.91,92,3.11,49,RU,1589559154
nishihara,26.18,127.76,78.8,78.6,75,10.29,88,JP,1589559154
clyde river,70.47,-68.59,21.2,21.2,5,2.19,79,CA,1589559154
singapore,1.29,103.85,86.0,85.06,75,5.82,74,SG,1589558896
alofi,-19.06,-169.92,68.0,68.0,7,2.24,100,NU,1589559155
paraiso,9.84,-83.87,82.4,80.74,20,9.17,57,CR,1589559155
watertown,42.37,-71.18,69.8,65.39,40,5.99,64,US,1589559111
catamarca,-28.47,-65.79,69.01,69.01,0,3.0,52,AR,1589559081
luwuk,-0.95,122.79,80.13,80.13,55,1.86,75,ID,1589559156
zhangye,38.93,100.45,64.56,64.56,7,5.53,27,CN,1589559000
baturaja,-4.13,104.17,74.89,74.89,22,2.93,95,ID,1589559156
jalpan,21.23,-99.48,83.32,83.32,70,3.44,56,MX,1589559157
gushikawa,26.35,127.87,78.8,78.51,90,10.29,88,JP,1589559157
yurino,56.29,46.3,46.4,46.4,90,4.47,100,RU,1589559157
zwedru,6.07,-8.13,87.76,87.76,90,3.27,65,LR,1589559158
kaohsiung,22.62,120.31,86.0,83.91,40,12.75,66,TW,1589559158
waren,53.52,12.68,52.0,51.53,69,12.03,64,DE,1589559158
tigil,57.8,158.67,35.11,35.11,93,0.47,87,RU,1589559158
bagdarin,54.43,113.6,35.28,35.28,100,8.21,90,RU,1589559159
kresna,41.73,23.15,88.0,88.0,71,4.0,34,BG,1589559159
gizo,-8.1,156.84,82.18,82.18,90,8.77,78,SB,1589559160
summerville,33.02,-80.18,81.0,79.02,90,4.7,61,US,1589559160
mitsamiouli,-11.38,43.28,80.89,80.89,5,18.77,72,KM,1589559160
aguas formosas,-17.08,-40.94,81.46,81.46,36,5.03,67,BR,1589559161
north myrtle beach,33.82,-78.68,79.0,76.23,1,6.93,64,US,1589558947
lebu,-37.62,-73.65,59.38,59.38,99,5.46,93,CL,1589559161
zhigansk,66.77,123.37,35.19,35.19,90,5.28,86,RU,1589559162
zhaotong,27.32,103.72,60.51,60.51,94,8.41,84,CN,1589559162
san ramon,37.78,-121.98,62.01,59.63,90,6.93,82,US,1589559060
pangai,-19.8,-174.35,77.59,77.59,78,8.7,69,TO,1589559162
ugoofaaru,5.67,73.0,82.85,82.85,100,28.1,79,MV,1589559162
oga,46.46,10.35,48.2,48.2,75,10.29,61,IT,1589559163
waverly,42.74,-84.62,63.0,62.53,90,6.93,88,US,1589559163
sibi,29.54,67.88,93.87,93.87,0,9.31,28,PK,1589559163
santa cruz,-17.8,-63.17,73.4,72.72,61,13.87,40,BO,1589559163
viedma,-40.81,-63.0,68.54,68.54,100,16.46,46,AR,1589559164
chimbote,-9.09,-78.58,72.93,72.93,84,7.49,71,PE,1589559060
meadow lake,34.8,-106.54,69.01,65.52,75,5.57,23,US,1589559164
muleba,-1.84,31.65,77.0,77.0,40,9.17,73,TZ,1589559164
bud,39.45,-86.18,68.0,67.64,90,18.34,88,US,1589559165
serro,-18.6,-43.38,73.54,73.54,86,3.89,79,BR,1589559165
coihaique,-45.58,-72.07,55.4,55.4,90,3.36,93,CL,1589559165
hobyo,5.35,48.53,84.56,84.56,22,22.32,77,SO,1589559165
vice,-5.42,-80.78,79.9,79.9,32,8.57,57,PE,1589559166
kushmurun,52.45,64.63,60.71,60.71,25,4.18,70,KZ,1589559166
kharhial,20.28,82.77,92.66,92.66,62,7.99,31,IN,1589559166
ancud,-41.87,-73.82,61.0,59.9,90,16.11,93,CL,1589559166
preston,53.77,-2.72,55.4,53.73,20,17.22,62,GB,1589559167
asilah,35.47,-6.03,68.0,68.0,40,6.93,56,MA,1589559167
hailar,49.2,119.7,57.42,57.42,71,14.07,61,CN,1589559168
presidencia roque saenz pena,-26.79,-60.44,72.7,72.7,0,4.41,33,AR,1589559169
tabou,4.42,-7.35,84.02,84.02,100,9.64,78,CI,1589559169
fukuma,33.77,130.47,68.0,67.03,90,14.99,94,JP,1589559169
miles city,46.41,-105.84,50.0,50.0,90,5.82,71,US,1589559170
ndioum,16.51,-14.65,107.6,107.6,0,2.24,15,SN,1589559170
jagalur,14.53,76.35,94.17,94.17,72,6.53,25,IN,1589559170
omsukchan,62.53,155.8,33.6,33.6,100,5.28,92,RU,1589559171
yozgat,39.58,35.33,72.43,72.43,34,5.64,48,TR,1589559171
kati,12.74,-8.07,95.0,95.0,20,6.93,36,ML,1589559171
rodrigues alves,-7.74,-72.65,72.84,72.84,99,3.62,93,BR,1589559171
nanakuli,21.39,-158.15,71.6,68.88,1,3.74,100,US,1589559172
masterton,-40.96,175.66,52.0,46.02,100,2.84,89,NZ,1589559172
sakaraha,-22.9,44.53,65.25,65.25,22,6.55,75,MG,1589559172
pisco,-13.7,-76.22,68.0,68.0,40,8.05,77,PE,1589559172
oranjestad,12.52,-70.03,86.0,86.0,75,25.28,70,AW,1589559087
esterhazy,50.65,-102.08,44.35,44.35,66,8.97,67,CA,1589559173
manyana,-23.4,21.72,65.84,65.84,0,1.54,27,BW,1589559173
campoverde,-8.48,-74.81,73.4,73.4,90,4.5,78,PE,1589559173
grand baie,-20.02,57.58,73.0,73.0,2,3.0,77,MU,1589559174
the valley,18.22,-63.06,86.0,84.34,40,18.34,58,AI,1589559167
tondano,1.3,124.91,77.0,77.0,20,3.36,94,ID,1589559174
yokadouma,3.52,15.05,82.74,82.74,82,1.99,64,CM,1589559174
pachino,36.72,15.09,82.99,82.99,100,8.99,46,IT,1589558944
acapulco,16.86,-99.89,82.4,82.4,5,3.36,45,MX,1589558997
tsybuliv,49.08,29.85,48.76,48.76,98,7.09,79,UA,1589559175
bitung,1.45,125.18,77.0,77.0,20,3.36,94,ID,1589558883
matagami,49.75,-77.63,46.4,46.4,90,6.93,75,CA,1589559175
saint-michel-des-saints,46.68,-73.92,52.0,52.0,100,1.01,7,CA,1589559175
akyab,20.15,92.9,84.88,84.88,27,8.21,70,MM,1589559176
erdenet,49.03,104.08,31.3,31.3,17,7.4,82,MN,1589559176
berlevag,70.86,29.09,37.4,37.4,40,21.92,64,NO,1589559176
rawson,-43.3,-65.1,66.9,66.9,97,17.78,46,AR,1589559176
angoche,-16.23,39.91,74.01,74.01,2,11.34,78,MZ,1589559177
ostrovnoy,68.05,39.51,36.27,36.27,100,1.92,93,RU,1589559177
lawigan,10.49,122.04,81.34,81.34,100,4.43,82,PH,1589559177
takoradi,4.88,-1.76,85.64,85.64,32,12.68,74,GH,1589559177
katherine,-14.47,132.27,68.0,68.0,100,5.82,56,AU,1589559178
jiangyou,31.77,104.72,71.71,71.71,88,3.96,67,CN,1589559178
klaksvik,62.23,-6.59,42.8,42.8,97,21.92,48,FO,1589559178
aiquile,-18.2,-65.18,65.64,65.64,92,4.54,46,BO,1589559178
kokuy,52.2,117.55,47.05,47.05,100,12.59,74,RU,1589559179
pimenta bueno,-11.67,-61.19,82.56,82.56,44,3.4,68,BR,1589559179
hasaki,35.73,140.83,66.99,66.4,100,5.82,52,JP,1589559179
kargopol,61.51,38.95,43.03,43.03,93,4.25,76,RU,1589559179
sorata,-15.77,-68.63,57.47,57.47,63,5.5,35,BO,1589559180
laramie,41.31,-105.59,52.0,49.17,90,4.7,65,US,1589559180
tenango,18.65,-98.18,75.0,71.65,5,4.7,59,MX,1589559180
savyntsi,49.4,37.06,55.72,55.72,43,4.18,65,UA,1589559180
aras,42.56,-2.36,57.2,57.2,90,8.05,71,ES,1589559181
omboue,-1.57,9.26,83.17,83.17,42,10.13,78,GA,1589559181
rocha,-34.48,-54.33,59.74,59.74,100,14.25,56,UY,1589559181
los llanos de aridane,28.66,-17.92,69.8,65.71,20,20.8,64,ES,1589559181
nemuro,43.32,145.57,40.46,40.46,4,7.72,90,JP,1589559181
kamakwie,9.5,-12.23,80.44,80.44,100,3.02,73,SL,1589559182
tanabe,33.73,135.37,62.01,62.01,100,9.4,90,JP,1589559182
kyaikto,17.3,97.02,86.76,86.76,100,4.85,64,MM,1589559182
yar-sale,66.83,70.83,40.23,40.23,100,19.75,74,RU,1589559182
puerto madero,14.72,-92.42,87.8,87.8,40,3.4,74,MX,1589559183
torbat-e jam,35.24,60.62,67.77,67.77,8,12.17,32,IR,1589559183
colac,-38.33,143.58,44.01,42.69,0,2.8,94,AU,1589559099
cuamba,-14.8,36.54,68.5,68.5,0,5.21,56,MZ,1589559183
iralaya,15.0,-83.23,87.8,87.8,40,6.93,74,HN,1589559183
shingu,33.73,135.98,62.71,62.71,100,1.41,93,JP,1589559184
faanui,-16.48,-151.75,81.52,81.52,55,6.22,72,PF,1589559184
hirara,24.8,125.28,80.1,80.1,100,17.78,90,JP,1589559184
batemans bay,-35.72,150.18,39.0,39.0,17,4.85,100,AU,1589559184
chicama,-7.84,-79.15,75.88,75.88,40,7.38,64,PE,1589559185
maraba,-5.37,-49.12,89.6,89.6,40,3.36,70,BR,1589559185
samandag,36.08,35.98,95.0,95.0,0,6.93,23,TR,1589559185
te anau,-45.42,167.72,38.32,38.32,2,0.92,85,NZ,1589559185
palmer,42.16,-72.33,71.01,69.3,40,9.17,72,US,1589559185
frontignan,43.45,3.75,71.6,70.45,20,5.82,60,FR,1589559186
zhezkazgan,47.8,67.71,62.35,62.35,15,6.51,63,KZ,1589559186
opelousas,30.53,-92.08,79.0,78.17,1,10.29,78,US,1589559186
shakhtinsk,49.71,72.59,55.4,55.4,20,6.71,76,KZ,1589559186
chulman,56.85,124.91,33.84,33.84,79,2.04,92,RU,1589559187
grand gaube,-20.01,57.66,73.0,73.0,1,3.0,77,MU,1589559187
andradas,-22.07,-46.57,71.06,71.06,97,2.68,76,BR,1589559187
montrose,38.42,-108.27,62.01,60.96,40,4.45,29,US,1589559187
torbay,47.67,-52.73,44.01,42.62,90,3.0,100,CA,1589558968
cabra,37.47,-4.44,73.4,68.34,99,8.05,35,ES,1589559188
longonjo,-12.91,15.25,77.0,77.0,91,13.87,29,AO,1589559188
verkhoturye,58.86,60.81,50.13,50.13,11,2.01,50,RU,1589559188
griffith,41.53,-87.42,64.99,64.06,90,6.35,93,US,1589558889
tias,28.96,-13.64,75.2,75.2,40,19.46,50,ES,1589559189
broome,42.25,-75.83,71.01,69.01,75,10.29,72,US,1589559189
fort nelson,58.81,-122.7,39.2,39.2,40,3.24,64,CA,1589559189
santa vitoria do palmar,-33.52,-53.37,60.6,60.6,100,12.41,51,BR,1589559190
puerto carreno,6.19,-67.49,89.6,89.6,33,5.59,59,CO,1589558990
ibra,22.69,58.53,85.89,85.89,3,6.67,34,OM,1589559190
umm kaddadah,13.6,26.69,98.92,98.92,0,9.4,8,SD,1589559190
chino valley,34.76,-112.45,68.0,65.23,1,1.05,33,US,1589559191
atar,20.52,-13.05,93.99,93.99,0,11.52,14,MR,1589559191
petropavlovsk-kamchatskiy,53.05,158.65,37.4,37.4,75,4.47,86,RU,1589559191
eureka,40.8,-124.16,54.0,52.07,1,0.69,87,US,1589559191
sioux lookout,50.1,-91.92,51.8,51.8,75,8.05,76,CA,1589559191
vojens,55.25,9.31,53.6,52.66,40,18.34,71,DK,1589559192
la palma,33.85,-118.05,68.0,66.65,90,5.26,68,US,1589559192
urumqi,43.8,87.6,80.6,80.6,1,4.47,24,CN,1589559192
lamar,33.67,-95.58,75.99,75.72,90,12.75,78,US,1589559193
onega,63.91,38.14,44.92,44.92,97,2.48,65,RU,1589559193
avera,33.19,-82.53,77.0,75.99,75,8.05,57,US,1589559193
linxia,35.6,103.21,52.41,52.41,96,7.09,59,CN,1589559194
baykit,61.67,96.37,41.77,41.77,39,4.14,61,RU,1589559194
koslan,63.46,48.9,48.15,48.15,88,3.65,63,RU,1589559194
kalga,50.93,118.9,55.33,55.33,91,12.57,68,RU,1589559194
rajpur,22.3,74.35,92.21,92.21,16,9.64,23,IN,1589559195
guantanamo,20.14,-75.21,84.0,83.26,40,3.36,74,CU,1589559195
keuruu,62.27,24.7,43.0,42.28,93,5.82,65,FI,1589559195
gigmoto,13.78,124.39,81.91,81.91,100,14.03,84,PH,1589559196
el alto,-4.27,-81.21,75.2,75.2,90,16.11,73,PE,1589559196
bairiki,1.33,172.98,82.4,82.4,40,6.93,78,KI,1589559196
dosso,13.05,3.19,107.96,107.96,25,2.89,14,NE,1589559197
vao,-22.67,167.48,72.46,72.46,88,13.69,80,NC,1589559197
tucuman,-26.82,-65.22,68.0,68.0,0,8.05,52,AR,1589559198
daru,-9.08,143.21,79.77,79.77,34,18.84,84,PG,1589559004
pucallpa,-8.38,-74.55,73.4,73.4,90,6.26,78,PE,1589559198
weligama,5.97,80.42,79.83,79.83,100,16.75,87,LK,1589559199
xiaoshi,41.3,124.12,57.2,57.2,90,4.47,93,CN,1589559199
saint-philippe,-21.36,55.77,73.4,67.24,47,3.36,78,RE,1589559199
geraldton,-28.77,114.6,60.8,60.8,84,11.41,82,AU,1589559042
klyuchi,52.27,79.17,64.98,64.98,89,12.08,52,RU,1589559200
cloquet,46.72,-92.46,55.99,53.98,90,11.41,58,US,1589559200
honiara,-9.43,159.95,75.2,75.2,40,5.82,94,SB,1589559201
siderno,38.28,16.3,78.01,72.88,100,7.4,15,IT,1589559201
salym,60.06,71.48,55.63,55.63,100,3.33,91,RU,1589559201
mount gambier,-37.83,140.77,37.4,37.4,0,5.82,100,AU,1589559202
saint stephen,50.33,-4.9,59.0,56.64,20,16.11,54,GB,1589559202
taonan,45.33,122.78,55.94,55.94,7,6.08,71,CN,1589559202
tabuk,17.42,121.44,73.33,73.33,100,5.99,90,PH,1589559202
cobija,-11.03,-68.77,77.0,77.0,75,6.93,78,BO,1589559202
gorontalo,0.54,123.06,77.36,77.36,79,1.92,89,ID,1589559203
haines junction,60.75,-137.51,45.45,45.45,2,2.8,64,CA,1589559203
poretskoye,55.2,46.33,45.12,45.12,100,14.03,91,RU,1589559203
mitu,1.2,-70.17,88.59,88.59,1,2.86,60,CO,1589559204
magadi,12.97,77.23,93.0,90.41,40,2.24,35,IN,1589559204
okhotsk,59.38,143.3,39.76,39.76,63,5.06,75,RU,1589559205
arona,28.1,-16.68,73.4,68.14,40,9.17,53,ES,1589559205
saint george,37.1,-113.58,72.0,69.46,1,0.43,21,US,1589558940
kiknur,57.3,47.2,43.32,43.32,100,4.03,95,RU,1589559205
kanker,20.27,81.49,91.29,91.29,83,4.7,28,IN,1589559206
muisne,0.6,-80.03,82.4,82.4,75,4.7,88,EC,1589559206
tessalit,20.2,1.01,105.71,105.71,89,5.23,10,ML,1589559207
balabac,7.99,117.06,84.0,84.0,24,4.12,73,PH,1589559207
salisbury,51.07,-1.8,62.6,61.18,20,8.05,42,GB,1589559207
point pedro,9.82,80.23,84.79,84.79,96,3.53,80,LK,1589559207
barahona,18.21,-71.1,84.2,84.2,40,16.11,74,DO,1589559208
yulara,-25.24,130.99,46.4,46.4,0,5.82,45,AU,1589559208
mittersill,47.27,12.48,55.4,55.4,75,3.42,82,AT,1589559208
padang,-0.95,100.35,81.16,81.16,100,3.18,80,ID,1589559209
agadez,19.75,10.25,104.11,104.11,0,5.53,6,NE,1589559209
port macquarie,-31.43,152.92,57.2,56.25,90,8.05,93,AU,1589559209
concordia,-31.39,-58.02,63.0,62.82,92,11.41,55,AR,1589559210
poum,-20.23,164.02,73.58,73.58,100,4.16,67,NC,1589559211
